{"1": [-0.443015, 51.724271, -0.389891, 51.749464], "2": [-0.448403, 51.706137, -0.395772, 51.731546], "3": [-0.452743, 51.688747, -0.400444, 51.714037], "4": [-0.458376, 51.671176, -0.40623, 51.696949], "5": [-0.474285, 51.723864, -0.435079, 51.754269], "6": [-0.471965, 51.711121, -0.43962, 51.730621], "7": [-0.489222, 51.678618, -0.450714, 51.706311]}